uid,name_first,name_last,email,phone,region,realm_id
1,Kara,Brickham,kbrickham0@hhs.gov,459-358-4630,Indonesia,9
2,Catha,Shobbrook,cshobbrook1@nbcnews.com,208-721-5081,China,10
3,Flossi,Cypler,fcypler2@guardian.co.uk,845-869-8734,Russia,4
4,Ameline,Lingner,alingner3@4shared.com,806-107-1276,Belarus,3
5,Gerianna,Blackah,gblackah4@indiegogo.com,123-261-5922,Bulgaria,1
6,Melina,Beddard,mbeddard5@nasa.gov,266-122-2031,Ukraine,4
7,Ardelia,Alden,aalden6@webeden.co.uk,858-124-4934,China,4
8,Orrin,Hevey,ohevey7@usgs.gov,364-530-0957,China,6
9,Georgine,Noell,gnoell8@yahoo.co.jp,515-307-9454,Brazil,2
10,Farleigh,Dewitt,fdewitt9@ovh.net,752-907-9916,Poland,6
11,Gideon,Basley,gbasleya@twitpic.com,420-710-9018,Indonesia,5
12,Meredith,McFall,mmcfallb@domainmarket.com,700-402-1256,China,7
13,Isabeau,Faro,ifaroc@tuttocitta.it,896-149-5181,Russia,9
14,Celinda,Ajsik,cajsikd@wikimedia.org,582-341-5334,China,5
15,Mikkel,Birtles,mbirtlese@yahoo.com,582-676-6609,Poland,10
16,Chicky,Hlavecek,chlavecekf@tuttocitta.it,185-885-9652,Ethiopia,10
17,Johanna,Niesegen,jniesegeng@army.mil,649-749-5265,Sri Lanka,1
18,Tucky,Biddles,tbiddlesh@rakuten.co.jp,638-149-9846,Peru,3
19,Anthiathia,Cutting,acuttingi@cloudflare.com,519-470-8732,Indonesia,9
20,Lurlene,Haacker,lhaackerj@google.co.uk,116-959-7769,Russia,7
21,Imojean,Huygens,ihuygensk@edublogs.org,839-958-0138,Greece,9
22,Rhianna,Guerner,rguernerl@theglobeandmail.com,332-120-6183,Guatemala,9
23,Sonnnie,Grubb,sgrubbm@prlog.org,135-926-6941,Russia,8
24,Waldon,O' Scallan,woscallann@wp.com,537-567-4557,Thailand,7
25,Otho,Franklin,ofranklino@discovery.com,537-615-0603,Indonesia,2
26,Karilynn,Goodisson,kgoodissonp@archive.org,860-713-0721,United States,3
27,Wanda,Kernley,wkernleyq@drupal.org,372-118-0140,Mexico,10
28,Mikel,Lemmen,mlemmenr@discuz.net,701-279-5207,China,6
29,Lexi,Brooking,lbrookings@deliciousdays.com,142-700-4406,Portugal,8
30,Joya,Danielsson,jdanielssont@army.mil,792-937-0488,Argentina,3
31,Shannon,Horwell,shorwellu@t-online.de,574-208-3917,Poland,10
32,Madelle,Pittson,mpittsonv@indiatimes.com,529-593-2374,Indonesia,9
33,Zebadiah,McKinie,zmckiniew@wordpress.com,113-380-5019,China,3
34,Tymothy,De L'Isle,tdelislex@fema.gov,548-765-0285,China,7
35,Spenser,Galbraeth,sgalbraethy@cmu.edu,489-956-6897,Canada,2
36,Julianne,Swiers,jswiersz@nsw.gov.au,364-656-3866,China,8
37,Davey,Knutton,dknutton10@bravesites.com,365-320-9721,Vietnam,5
38,Ewan,Brittan,ebrittan11@indiegogo.com,667-753-3526,Gabon,6
39,Ailee,Sollett,asollett12@springer.com,353-565-4080,Vietnam,3
40,Wang,Courtonne,wcourtonne13@stanford.edu,563-257-8493,Brazil,5
41,Melanie,Turfrey,mturfrey14@google.ru,948-939-5463,China,8
42,Mart,Carling,mcarling15@dagondesign.com,719-499-1980,Indonesia,10
43,Eldin,Walford,ewalford16@jalbum.net,861-251-9086,Indonesia,5
44,Cindi,Storrs,cstorrs17@icio.us,434-235-8887,Argentina,3
45,Cobbie,Colum,ccolum18@1und1.de,392-210-7869,Czech Republic,4
46,Meaghan,Gauvain,mgauvain19@bandcamp.com,575-318-9891,Serbia,6
47,Lissie,Lawes,llawes1a@nyu.edu,197-144-6065,China,1
48,Anthony,Cluney,acluney1b@ibm.com,442-635-8521,Russia,3
49,Denice,Nowlan,dnowlan1c@usnews.com,733-913-9663,Thailand,1
50,Shanan,Ianetti,sianetti1d@amazonaws.com,686-754-7871,China,10
51,Winnie,Dunniom,wdunniom1e@admin.ch,157-315-9599,Guatemala,8
52,Tera,Dalziel,tdalziel1f@house.gov,705-592-7798,Nigeria,2
53,Cale,Whitebread,cwhitebread1g@salon.com,368-948-7220,Philippines,4
54,Vannie,Mintram,vmintram1h@twitter.com,845-181-4590,Russia,10
55,Arlin,McDowall,amcdowall1i@msn.com,732-594-8252,Brazil,8
56,Templeton,Allpress,tallpress1j@answers.com,219-270-3661,France,7
57,Rory,Lidstone,rlidstone1k@irs.gov,456-288-0938,Czech Republic,10
58,Belita,Younger,byounger1l@theatlantic.com,316-163-4529,Ukraine,8
59,Teodorico,Kersaw,tkersaw1m@bigcartel.com,951-714-1116,United States,8
60,Mayer,Easum,measum1n@youtu.be,594-534-8014,Brazil,6
61,Annnora,Riply,ariply1o@privacy.gov.au,879-395-5229,Poland,6
62,Wells,Jullian,wjullian1p@economist.com,594-751-9351,Comoros,2
63,Radcliffe,Ruddick,rruddick1q@dagondesign.com,572-739-8801,Argentina,4
64,Lilias,Readshall,lreadshall1r@chron.com,306-912-9099,China,10
65,Hilton,Wimmer,hwimmer1s@skyrock.com,673-578-7805,Indonesia,2
66,Chrisy,Oxtaby,coxtaby1t@ask.com,448-562-6614,Nigeria,1
67,Thatcher,Eglinton,teglinton1u@slideshare.net,761-651-2227,Indonesia,7
68,Spenser,Glashby,sglashby1v@lulu.com,838-526-4979,China,8
69,Fletch,Fay,ffay1w@dailymotion.com,705-737-1541,Indonesia,2
70,Lazarus,Kitcatt,lkitcatt1x@marriott.com,685-928-6120,Ireland,2
71,Malcolm,Venable,mvenable1y@nature.com,805-656-9075,United States,1
72,Merola,Benedettini,mbenedettini1z@wisc.edu,352-881-8924,Burkina Faso,3
73,Gwenny,Bason,gbason20@bravesites.com,320-735-2039,Japan,3
74,Margarette,Crampsy,mcrampsy21@acquirethisname.com,522-673-7781,China,8
75,Alleyn,Anmore,aanmore22@globo.com,491-715-2741,France,4
76,Catha,Castellani,ccastellani23@simplemachines.org,753-122-5738,China,6
77,Edlin,Caberas,ecaberas24@independent.co.uk,748-700-0729,Kazakhstan,7
78,Humfrey,Clowney,hclowney25@prlog.org,422-829-4938,Greece,9
79,Edgardo,McCaghan,emccaghan26@yellowpages.com,899-950-9131,China,6
80,Phylis,Brewood,pbrewood27@economist.com,661-616-1913,Portugal,4
81,Becka,Tandy,btandy28@google.es,594-428-5704,Philippines,6
82,Jean,Venditto,jvenditto29@multiply.com,460-295-8052,Brazil,9
83,Steven,Manklow,smanklow2a@xrea.com,154-991-7674,Togo,4
84,Cecilia,Ells,cells2b@a8.net,930-656-6468,Peru,9
85,Trent,Whooley,twhooley2c@flavors.me,783-222-6932,Nigeria,8
86,Herve,Sills,hsills2d@yelp.com,495-525-0832,Sweden,4
87,Kerry,Rakestraw,krakestraw2e@usgs.gov,464-808-5449,China,3
88,Belita,Waldron,bwaldron2f@theatlantic.com,428-399-4695,Russia,4
89,Barnie,Brissenden,bbrissenden2g@sogou.com,478-542-1309,China,1
90,Kayley,Batkin,kbatkin2h@fc2.com,782-441-0403,Philippines,6
91,Dorothy,Clever,dclever2i@netlog.com,404-227-2737,China,8
92,Andrew,Tremeer,atremeer2j@people.com.cn,636-311-8616,Nigeria,4
93,Virgie,Cozins,vcozins2k@github.com,886-318-5630,Indonesia,1
94,George,Sainsbury,gsainsbury2l@tuttocitta.it,201-679-2525,Togo,8
95,Shawna,Spacy,sspacy2m@squidoo.com,210-853-8754,Afghanistan,8
96,Travers,Southern,tsouthern2n@4shared.com,522-729-6001,Philippines,8
97,Jermayne,Lovatt,jlovatt2o@smh.com.au,537-865-4283,Philippines,8
98,Vonni,Littleton,vlittleton2p@oakley.com,894-696-9172,Saint Vincent and the Grenadines,5
99,Reynold,Tebbet,rtebbet2q@tiny.cc,431-378-2605,Indonesia,10
100,Ermanno,Sheron,esheron2r@imgur.com,113-537-0058,Greece,5
101,Corrie,Clynter,cclynter2s@usgs.gov,592-559-1392,Russia,7
102,Leigh,Castelijn,lcastelijn2t@pen.io,160-359-0703,Pakistan,7
103,Daveta,Goudge,dgoudge2u@accuweather.com,710-632-9604,Syria,10
104,Dorise,Haistwell,dhaistwell2v@statcounter.com,484-876-8520,Indonesia,10
105,Bertine,Clowes,bclowes2w@disqus.com,679-568-7901,Japan,4
106,Sandy,Elster,selster2x@chicagotribune.com,554-631-2698,Indonesia,8
107,Catherina,Voller,cvoller2y@people.com.cn,860-468-7097,Poland,9
108,Rainer,Haggleton,rhaggleton2z@imgur.com,619-413-4840,Greece,8
109,Loralie,Wardhaw,lwardhaw30@msn.com,185-771-0468,Nicaragua,1
110,Fifi,Bene,fbene31@wp.com,459-683-6985,China,1
111,Zacharie,Klimko,zklimko32@illinois.edu,880-185-2700,Philippines,10
112,Francoise,Crottagh,fcrottagh33@lycos.com,672-162-9671,China,8
113,Tandi,Zecchinii,tzecchinii34@google.com.br,733-785-1225,Azerbaijan,3
114,Ferd,Fries,ffries35@symantec.com,687-259-9149,Afghanistan,5
115,Koressa,Bisatt,kbisatt36@technorati.com,917-373-2352,Pakistan,3
116,Katrinka,Ive,kive37@newsvine.com,977-382-7747,France,10
117,Jeramey,Farnon,jfarnon38@ning.com,980-943-0678,China,8
118,Thacher,Guppey,tguppey39@vinaora.com,793-644-4869,Poland,1
119,Salli,Denley,sdenley3a@edublogs.org,540-271-3369,Poland,5
120,Dave,Maleck,dmaleck3b@istockphoto.com,904-397-1667,Netherlands,6
121,Erv,Vivien,evivien3c@unesco.org,323-945-8499,Czech Republic,10
122,Conroy,Sollime,csollime3d@google.ca,852-702-7669,Poland,6
123,Shayna,Rennenbach,srennenbach3e@reference.com,276-658-0950,China,10
124,Meaghan,Frosch,mfrosch3f@bluehost.com,924-917-6190,China,6
125,Adamo,Akker,aakker3g@wufoo.com,991-552-5330,Brazil,5
126,Robbyn,Sharphurst,rsharphurst3h@squarespace.com,521-561-9477,Tanzania,8
127,Lorry,Rossbrooke,lrossbrooke3i@webeden.co.uk,695-194-8906,Brazil,10
128,Starla,De Francesco,sdefrancesco3j@google.com.hk,612-913-5385,Venezuela,4
129,Walliw,Tanner,wtanner3k@china.com.cn,585-856-6309,Thailand,8
130,Osbert,Kingshott,okingshott3l@hao123.com,982-633-7323,Philippines,2
131,Ozzy,Rentcome,orentcome3m@toplist.cz,643-576-2333,Argentina,7
132,Vernon,Libby,vlibby3n@ucoz.ru,519-988-6070,Czech Republic,9
133,Emmanuel,Chuck,echuck3o@theglobeandmail.com,337-747-6060,Ukraine,1
134,Callida,Siseland,csiseland3p@typepad.com,759-164-4985,China,8
135,Ninnetta,Kleinstein,nkleinstein3q@w3.org,458-294-3925,Czech Republic,5
136,Charisse,Junkison,cjunkison3r@admin.ch,129-724-0618,Philippines,1
137,Giraldo,Restall,grestall3s@shareasale.com,150-101-5520,Poland,7
138,Kelsey,Tresvina,ktresvina3t@flavors.me,303-717-6643,China,5
139,Shara,Inglis,singlis3u@slate.com,806-829-3549,Sweden,4
140,Shena,Golsby,sgolsby3v@vk.com,693-729-6135,Kosovo,10
141,Joyce,Junes,jjunes3w@mysql.com,375-974-6245,Bangladesh,8
142,Dinnie,Mayho,dmayho3x@cloudflare.com,325-537-9132,Kazakhstan,10
143,Homere,Bagot,hbagot3y@chron.com,237-979-9169,Guatemala,4
144,Marielle,Varker,mvarker3z@guardian.co.uk,605-662-1425,Sweden,6
145,Yoko,Feldbaum,yfeldbaum40@ft.com,425-648-1102,Ecuador,8
146,Rae,Dobney,rdobney41@biglobe.ne.jp,575-246-0643,Croatia,5
147,Gran,Phoebe,gphoebe42@sphinn.com,544-301-8521,France,9
148,Samson,Clopton,sclopton43@tamu.edu,263-834-2110,China,2
149,Eddie,Ouchterlony,eouchterlony44@sitemeter.com,791-246-0886,China,3
150,Luciana,Sillick,lsillick45@forbes.com,591-219-9300,Canada,9
151,Myrilla,Trewin,mtrewin46@statcounter.com,866-213-0289,Canada,3
152,Rosemarie,Mustill,rmustill47@cbslocal.com,983-428-6003,Brazil,8
153,Sollie,Hirche,shirche48@chicagotribune.com,241-223-3565,Croatia,3
154,Dona,Alway,dalway49@home.pl,750-342-8743,Czech Republic,9
155,Kienan,MacCumiskey,kmaccumiskey4a@arizona.edu,635-239-6991,Russia,8
156,Dacey,Gitting,dgitting4b@fda.gov,855-849-1022,Uruguay,5
157,Shermy,Melburg,smelburg4c@sina.com.cn,672-747-7189,Denmark,5
158,Sidney,Steggals,ssteggals4d@51.la,925-736-9591,Japan,1
159,Darnall,Shercliff,dshercliff4e@abc.net.au,235-530-5984,Indonesia,9
160,Catherina,McCerery,cmccerery4f@irs.gov,959-507-9534,France,5
161,Natala,Rain,nrain4g@diigo.com,930-456-3141,China,10
162,Nara,Nealand,nnealand4h@apache.org,369-705-3872,Portugal,2
163,Darby,Duligall,dduligall4i@ask.com,612-910-9130,Russia,7
164,Dannie,Wollacott,dwollacott4j@slate.com,485-301-4411,Nigeria,4
165,Phyllis,Alphege,palphege4k@globo.com,800-373-0321,Philippines,2
166,Barnaby,Weed,bweed4l@alexa.com,198-877-8875,China,6
167,Glenden,Jancy,gjancy4m@deliciousdays.com,821-424-4384,Ethiopia,9
168,Felice,Swainger,fswainger4n@tinyurl.com,144-568-8562,Sweden,9
169,Caren,Linwood,clinwood4o@sakura.ne.jp,425-953-1339,Ukraine,10
170,Gannon,Tuley,gtuley4p@bing.com,815-381-8939,Indonesia,8
171,Raymond,Reynolds,rreynolds4q@ft.com,995-641-7283,Indonesia,3
172,Silvano,Maxfield,smaxfield4r@patch.com,587-977-3584,Argentina,10
173,Heath,Phonix,hphonix4s@fastcompany.com,159-737-9288,Dominican Republic,6
174,Jacenta,Millership,jmillership4t@buzzfeed.com,104-592-5146,China,1
175,Conchita,Eland,celand4u@shinystat.com,121-359-0916,France,9
176,Shay,Duprey,sduprey4v@redcross.org,144-127-2485,Ghana,10
177,Sascha,Ironmonger,sironmonger4w@craigslist.org,582-203-6105,Portugal,7
178,Kylila,Dadswell,kdadswell4x@google.nl,590-270-3892,Greece,5
179,Dianemarie,Bygreaves,dbygreaves4y@webeden.co.uk,975-410-9839,Indonesia,9
180,Cristina,Wayon,cwayon4z@bigcartel.com,765-679-5469,China,3
181,Terese,Muzzini,tmuzzini50@cafepress.com,385-987-9353,Greece,7
182,Lita,Coger,lcoger51@hud.gov,600-530-9816,Philippines,4
183,Chickie,Haime,chaime52@prnewswire.com,677-449-1902,China,10
184,Brok,Scardifield,bscardifield53@multiply.com,727-743-8645,Poland,7
185,Nero,Giorgetti,ngiorgetti54@wunderground.com,442-115-7847,Sri Lanka,8
186,Garald,Agar,gagar55@sourceforge.net,455-791-1619,China,9
187,Rabi,Elphinstone,relphinstone56@va.gov,400-144-4339,Australia,4
188,Ailyn,Kirkebye,akirkebye57@shutterfly.com,163-189-9769,Russia,1
189,Janenna,Mattielli,jmattielli58@storify.com,415-790-1029,Armenia,2
190,Hart,Cranham,hcranham59@netlog.com,832-235-0036,Czech Republic,6
191,Terrel,Sheringham,tsheringham5a@imageshack.us,586-731-9802,Poland,5
192,Abbe,McRuvie,amcruvie5b@creativecommons.org,416-991-1140,Uzbekistan,5
193,Mark,Bryce,mbryce5c@nifty.com,245-495-5678,Russia,7
194,Weston,Burnip,wburnip5d@nytimes.com,402-808-7376,Indonesia,4
195,Gabriele,Robus,grobus5e@mysql.com,265-683-5848,Indonesia,4
196,Alric,Lehrmann,alehrmann5f@spotify.com,899-937-4293,Indonesia,4
197,Kaylil,Grouen,kgrouen5g@mozilla.org,854-829-8016,China,2
198,Jeremias,Milleton,jmilleton5h@nsw.gov.au,381-849-0890,Russia,8
199,Isidore,Keynes,ikeynes5i@slashdot.org,587-628-5981,Guatemala,10
200,Koral,Valeri,kvaleri5j@springer.com,269-478-6826,Peru,8
201,Welbie,Burgh,wburgh5k@fda.gov,135-648-7261,Nicaragua,6
202,Noemi,Perham,nperham5l@mac.com,303-340-3370,Japan,8
203,Savina,McLeman,smcleman5m@arstechnica.com,320-488-2758,Denmark,4
204,Margarette,Bulstrode,mbulstrode5n@opensource.org,628-980-6320,Indonesia,3
205,Lisle,Cavolini,lcavolini5o@vk.com,850-762-2158,Peru,1
206,Ardra,Currington,acurrington5p@csmonitor.com,123-221-7327,South Africa,3
207,Melesa,Callen,mcallen5q@youtu.be,414-885-0625,China,6
208,Hatty,Sharphouse,hsharphouse5r@hostgator.com,444-692-3696,Poland,4
209,Cullin,Cud,ccud5s@marketwatch.com,495-326-5400,China,7
210,Donny,Rudsdale,drudsdale5t@friendfeed.com,618-773-6066,China,4
211,Lynea,Parnby,lparnby5u@drupal.org,350-771-6081,Philippines,6
212,Zelda,Kennedy,zkennedy5v@yellowbook.com,627-459-6726,Lithuania,9
213,Miof mela,Beville,mbeville5w@behance.net,638-748-9711,Russia,1
214,Patric,Moynham,pmoynham5x@nbcnews.com,287-554-1007,Norway,9
215,Jasmin,Pezey,jpezey5y@google.com.au,575-385-4131,Portugal,2
216,Windy,Joutapavicius,wjoutapavicius5z@cpanel.net,495-844-7669,France,8
217,Angelia,Grenfell,agrenfell60@si.edu,217-874-8368,Croatia,5
218,Teddie,Simo,tsimo61@oracle.com,100-460-6156,Indonesia,5
219,Sibelle,Janku,sjanku62@google.it,454-467-6734,China,5
220,Debi,Tyrer,dtyrer63@apple.com,366-719-2484,Iraq,1
221,Lurline,Pinnington,lpinnington64@jigsy.com,522-668-2255,Indonesia,7
222,Buck,Banat,bbanat65@google.com.hk,563-781-3870,Germany,7
223,Eduardo,Padson,epadson66@angelfire.com,751-773-5753,Philippines,6
224,Margi,Ebourne,mebourne67@google.cn,251-171-2040,Portugal,2
225,Berke,Scottini,bscottini68@eventbrite.com,234-204-9488,Panama,5
226,Jordan,Kittley,jkittley69@blogtalkradio.com,856-331-6234,Honduras,8
227,Lay,Pierpoint,lpierpoint6a@github.io,804-749-2261,Indonesia,6
228,Dasha,Pley,dpley6b@illinois.edu,539-917-9903,China,10
229,Heida,Gettone,hgettone6c@e-recht24.de,447-749-7065,Portugal,5
230,Michail,Newlands,mnewlands6d@slashdot.org,820-230-1277,Indonesia,3
231,Aron,Chubb,achubb6e@samsung.com,818-235-0633,Indonesia,8
232,Winnie,Bedford,wbedford6f@amazon.co.uk,526-396-2871,Peru,1
233,Solomon,Coult,scoult6g@patch.com,808-276-5379,Chad,5
234,Mariam,Dy,mdy6h@bandcamp.com,975-993-6599,Macedonia,9
235,Miran,Haizelden,mhaizelden6i@google.com.br,658-746-1684,Russia,1
236,Robinson,Mein,rmein6j@utexas.edu,258-435-8747,Indonesia,8
237,Barby,Niesel,bniesel6k@usatoday.com,200-347-5207,Armenia,4
238,Jacquetta,Priver,jpriver6l@vistaprint.com,688-396-3472,Kazakhstan,8
239,Wald,Colston,wcolston6m@twitter.com,359-808-6145,Philippines,1
240,Corenda,Widdicombe,cwiddicombe6n@altervista.org,454-135-4578,Russia,5
241,Marlie,Iapico,miapico6o@github.io,386-206-9113,Norway,6
242,Veriee,Bakhrushin,vbakhrushin6p@vinaora.com,532-640-4481,Poland,6
243,Cristian,Vokins,cvokins6q@sitemeter.com,157-636-8787,China,10
244,Madison,Urry,murry6r@pen.io,295-983-2897,China,7
245,Valeria,McTrustey,vmctrustey6s@tamu.edu,513-149-3902,Senegal,2
246,Celesta,Hurton,churton6t@narod.ru,146-790-6941,Sweden,3
247,Monti,Monkley,mmonkley6u@sourceforge.net,759-562-7796,China,8
248,Walt,Doxsey,wdoxsey6v@behance.net,415-872-3785,Russia,8
249,Sandra,Magrannell,smagrannell6w@people.com.cn,449-979-1342,Norway,3
250,Lib,Everson,leverson6x@mlb.com,123-130-8630,Greece,5
251,Maressa,Moorfield,mmoorfield6y@unesco.org,578-257-2877,France,2
252,Harwilll,Vallance,hvallance6z@google.es,791-799-8396,Puerto Rico,10
253,Ardath,Springthorp,aspringthorp70@wired.com,453-194-1376,Greece,5
254,Tabor,Do,tdo71@instagram.com,378-505-1075,Russia,8
255,Joseito,Attwater,jattwater72@wikia.com,714-157-3763,Philippines,9
256,Rosalind,Juzek,rjuzek73@ftc.gov,550-696-4339,Russia,9
257,Urbain,Foux,ufoux74@indiatimes.com,169-626-7042,Denmark,3
258,Riane,Glading,rglading75@springer.com,537-823-3823,China,6
259,Esmeralda,Giannazzo,egiannazzo76@booking.com,477-777-6342,Colombia,4
260,Rosa,Eton,reton77@ebay.com,330-811-7140,South Korea,3
261,Jenine,Enga,jenga78@myspace.com,203-241-0320,Ukraine,1
262,Gilbert,Cheek,gcheek79@baidu.com,960-885-6204,Ireland,9
263,Chantal,Woollends,cwoollends7a@jalbum.net,579-209-5241,Philippines,2
264,Davidson,McMurray,dmcmurray7b@kickstarter.com,999-422-4717,Philippines,3
265,Tamas,Bernard,tbernard7c@microsoft.com,123-622-5144,Thailand,7
266,Margette,Baptist,mbaptist7d@dyndns.org,580-687-9245,Peru,7
267,Zora,Louedey,zlouedey7e@cbslocal.com,416-173-8648,Reunion,4
268,Quinn,Lammenga,qlammenga7f@gmpg.org,218-163-6746,China,6
269,Karisa,Rubens,krubens7g@cnn.com,692-468-9566,China,6
270,Gladi,Dore,gdore7h@geocities.com,545-978-1066,Peru,5
271,Janice,Bryning,jbryning7i@w3.org,178-914-8526,Netherlands,4
272,Xever,Labadini,xlabadini7j@go.com,951-191-2230,Albania,6
273,Jarrid,Glassopp,jglassopp7k@altervista.org,659-719-5209,Japan,9
274,Lucho,Cunio,lcunio7l@forbes.com,467-157-0757,China,9
275,Erhard,McClay,emcclay7m@friendfeed.com,440-221-1885,China,8
276,Amby,Bedow,abedow7n@sbwire.com,430-963-6350,Russia,2
277,Blane,Meneur,bmeneur7o@soundcloud.com,351-297-6001,China,6
278,Toby,Flude,tflude7p@japanpost.jp,354-339-9224,Indonesia,2
279,Riannon,Swaddle,rswaddle7q@comcast.net,585-374-7396,China,6
280,Kerry,Benner,kbenner7r@mapquest.com,701-246-5828,Taiwan,4
281,Dody,Nicholson,dnicholson7s@yolasite.com,664-469-1694,Philippines,4
282,Shae,Gabler,sgabler7t@telegraph.co.uk,447-926-1343,North Korea,5
283,Peterus,Yalden,pyalden7u@dell.com,635-613-6323,Brazil,8
284,Zorine,Condell,zcondell7v@taobao.com,485-987-1277,Philippines,2
285,Danette,Mayou,dmayou7w@admin.ch,338-569-1831,China,2
286,Renaldo,Calken,rcalken7x@answers.com,331-606-5236,China,9
287,Meriel,McCoish,mmccoish7y@epa.gov,411-971-6191,Czech Republic,9
288,Joelie,Phizackarley,jphizackarley7z@nhs.uk,156-489-6906,Russia,1
289,Olenolin,Grogor,ogrogor80@google.cn,344-231-4419,Nigeria,3
290,Hadlee,Kenewell,hkenewell81@topsy.com,129-132-1503,Mauritius,9
291,Valida,Bayston,vbayston82@admin.ch,693-495-9765,Russia,4
292,Cher,Ottawell,cottawell83@smh.com.au,709-435-6889,Colombia,4
293,Pepita,Bande,pbande84@economist.com,748-659-7322,Sweden,8
294,Carr,Dilgarno,cdilgarno85@cnn.com,480-971-6753,China,8
295,Ilise,Wolfers,iwolfers86@columbia.edu,718-811-1618,United States,6
296,Sibbie,Trillow,strillow87@java.com,764-152-8322,Kazakhstan,7
297,Davide,Devonshire,ddevonshire88@blinklist.com,133-704-4053,Saint Kitts and Nevis,2
298,Marylee,Torbard,mtorbard89@printfriendly.com,169-582-0701,Sweden,5
299,Marlena,McDonnell,mmcdonnell8a@netlog.com,564-363-7624,Montenegro,2
300,Owen,Filipponi,ofilipponi8b@altervista.org,227-264-9465,China,4
301,Corinne,Ismay,cismay8c@usatoday.com,959-786-8495,Indonesia,6
302,Marchelle,Tozer,mtozer8d@behance.net,870-574-1862,Indonesia,10
303,Fawnia,Donohoe,fdonohoe8e@weebly.com,559-721-8037,Venezuela,10
304,Roger,Cuolahan,rcuolahan8f@wikipedia.org,868-878-4047,Japan,4
305,Torin,Kezar,tkezar8g@joomla.org,682-610-7558,Czech Republic,7
306,Hugues,Parkisson,hparkisson8h@mashable.com,314-896-1817,United States,9
307,Mellie,Crook,mcrook8i@yandex.ru,571-888-3307,Portugal,5
308,Feliza,Fitzgerald,ffitzgerald8j@apple.com,532-329-4801,Philippines,4
309,Carmelita,Wetwood,cwetwood8k@photobucket.com,282-536-8425,Norway,8
310,Enoch,Garaghan,egaraghan8l@livejournal.com,644-939-4745,El Salvador,8
311,Jeffrey,Furneaux,jfurneaux8m@accuweather.com,366-582-4723,Portugal,8
312,Chan,Roughley,croughley8n@hao123.com,596-245-8684,Indonesia,6
313,Glad,Accombe,gaccombe8o@chron.com,801-576-0871,Croatia,8
314,Robbie,Hansemann,rhansemann8p@slashdot.org,959-714-1891,Czech Republic,9
315,Israel,Hebblewhite,ihebblewhite8q@cbslocal.com,637-556-2557,Bulgaria,7
316,Dunc,Leuty,dleuty8r@ebay.co.uk,654-424-0471,Poland,5
317,Johanna,Needs,jneeds8s@acquirethisname.com,691-251-0191,Macedonia,1
318,Maurice,Keenlyside,mkeenlyside8t@dagondesign.com,594-904-3602,China,1
319,Callida,Izat,cizat8u@people.com.cn,487-208-4579,China,10
320,Westley,Timoney,wtimoney8v@wikispaces.com,633-817-1761,Russia,10
321,Lorianne,Griffe,lgriffe8w@un.org,487-309-2037,Germany,1
322,Katey,Kenninghan,kkenninghan8x@de.vu,345-940-5391,Czech Republic,7
323,Myrlene,MacIlory,mmacilory8y@twitter.com,164-683-9300,Philippines,6
324,Kory,Hazelton,khazelton8z@msu.edu,349-312-1621,Peru,5
325,Padraig,Nickerson,pnickerson90@google.nl,466-254-6627,Russia,5
326,Stearne,Moulster,smoulster91@seattletimes.com,272-923-3600,Japan,8
327,Kingsly,Giannotti,kgiannotti92@123-reg.co.uk,236-615-1821,Brazil,9
328,Delbert,Vedekhov,dvedekhov93@salon.com,660-582-0523,Sweden,4
329,Malorie,Upfold,mupfold94@army.mil,584-698-0632,Philippines,9
330,Jeff,Amsberger,jamsberger95@sohu.com,711-571-1065,Russia,10
331,Hans,Halbeard,hhalbeard96@umich.edu,210-985-5160,Indonesia,4
332,Marcie,Jell,mjell97@nhs.uk,735-770-0508,Russia,5
333,Berty,Rupprecht,brupprecht98@businessinsider.com,863-854-6121,France,3
334,Randee,Brinicombe,rbrinicombe99@tamu.edu,386-113-5184,China,3
335,Eadith,Kittiman,ekittiman9a@google.es,909-993-1249,Haiti,3
336,Peadar,Cristou,pcristou9b@businessweek.com,634-948-0930,Canada,4
337,Titos,Jeskin,tjeskin9c@elegantthemes.com,981-301-0321,Russia,6
338,Joannes,Work,jwork9d@netvibes.com,187-575-3557,China,8
339,Jada,Bendson,jbendson9e@wp.com,956-379-2557,Vietnam,1
340,Neddie,Paternoster,npaternoster9f@japanpost.jp,221-988-0716,Serbia,4
341,Desmund,Isacsson,disacsson9g@ibm.com,643-232-9840,Macedonia,6
342,Read,Comi,rcomi9h@usda.gov,416-963-1883,Pakistan,9
343,Papageno,Grimwad,pgrimwad9i@photobucket.com,332-701-0145,Brazil,5
344,Buffy,de Nore,bdenore9j@admin.ch,136-669-6208,Brazil,3
345,Barthel,Aspy,baspy9k@deviantart.com,871-894-7946,Philippines,3
346,Katee,Gleader,kgleader9l@cnbc.com,382-329-6281,France,6
347,Jarrad,Agget,jagget9m@freewebs.com,490-647-9604,Portugal,5
348,Kailey,Chestnutt,kchestnutt9n@1und1.de,857-179-2488,China,5
349,Evered,Dentith,edentith9o@bizjournals.com,557-803-5625,Indonesia,7
350,Molli,Greiswood,mgreiswood9p@redcross.org,150-472-4481,Greenland,3
351,Martguerita,Kinver,mkinver9q@dagondesign.com,791-598-2441,China,10
352,Obidiah,Whapham,owhapham9r@symantec.com,597-868-8783,Panama,7
353,Valeda,Portchmouth,vportchmouth9s@noaa.gov,401-685-1184,Malaysia,10
354,Joice,Gatman,jgatman9t@archive.org,564-415-8095,Mexico,8
355,Raina,Matuskiewicz,rmatuskiewicz9u@bloomberg.com,384-824-0498,Philippines,9
356,Joshua,Dunsire,jdunsire9v@walmart.com,953-193-2425,Portugal,9
357,Tracey,Evitts,tevitts9w@nature.com,410-740-5093,Democratic Republic of the Congo,6
358,Lynda,Cleyne,lcleyne9x@zimbio.com,437-342-2946,Indonesia,3
359,Cordie,Celes,cceles9y@theglobeandmail.com,531-429-9970,Croatia,10
360,Katharine,Pottes,kpottes9z@stumbleupon.com,612-213-0913,Kosovo,10
361,Averil,Ferrucci,aferruccia0@salon.com,566-722-9951,Haiti,3
362,Shaw,Baress,sbaressa1@goo.ne.jp,961-305-6551,Sri Lanka,10
363,Rafael,Fley,rfleya2@ycombinator.com,286-882-8060,Argentina,6
364,Bartolomeo,Bedingfield,bbedingfielda3@bloomberg.com,270-830-7884,Norway,9
365,Claribel,Thorn,cthorna4@fema.gov,808-883-1449,Russia,1
366,Zed,Duke,zdukea5@hatena.ne.jp,987-707-5506,Sweden,9
367,Elora,Marsay,emarsaya6@symantec.com,448-835-3895,Japan,4
368,Percival,Mibourne,pmibournea7@cam.ac.uk,996-487-8158,Indonesia,1
369,Adolpho,Soldi,asoldia8@bloglovin.com,990-156-5228,Japan,9
370,Willabella,Stithe,wstithea9@squarespace.com,169-862-2078,Peru,4
371,Teddie,Elcott,telcottaa@netlog.com,182-611-6375,Poland,8
372,Ferdinand,Georgescu,fgeorgescuab@vk.com,147-346-3229,Indonesia,2
373,Merry,Gronow,mgronowac@unicef.org,859-292-7280,Indonesia,9
374,Jerrine,Minchella,jminchellaad@upenn.edu,208-515-4595,Yemen,1
375,Karilynn,Cuttle,kcuttleae@businessweek.com,173-446-7301,China,8
376,Arne,Woodard,awoodardaf@uiuc.edu,853-928-3707,Russia,8
377,Issiah,Curlis,icurlisag@engadget.com,118-515-4749,China,8
378,Joachim,Megroff,jmegroffah@ihg.com,675-352-0378,Philippines,2
379,Lazare,Ratcliff,lratcliffai@meetup.com,929-796-8540,Greece,4
380,Horst,Bruster,hbrusteraj@macromedia.com,288-440-4317,Brazil,6
381,Tabb,MacCosty,tmaccostyak@shareasale.com,640-401-3275,France,1
382,Misha,Henke,mhenkeal@google.it,416-910-7923,Botswana,6
383,Crissie,Kenyon,ckenyonam@samsung.com,432-904-1205,Russia,10
384,Peta,Hubball,phubballan@apache.org,505-717-2310,Netherlands,6
385,Lefty,Prue,lprueao@wiley.com,143-703-9882,Canada,5
386,Elenore,Downage,edownageap@amazonaws.com,833-867-5323,Norway,9
387,Amalee,Luney,aluneyaq@elpais.com,579-584-0628,Tunisia,7
388,Rania,Kinforth,rkinforthar@networksolutions.com,853-530-3182,Belarus,2
389,Annabela,Silburn,asilburnas@mozilla.com,333-910-8909,Sweden,3
390,Felicdad,Archdeacon,farchdeaconat@ning.com,946-786-7188,Indonesia,6
391,Ollie,Kassidy,okassidyau@shinystat.com,208-550-2922,China,7
392,Fin,Canby,fcanbyav@google.ru,575-219-2792,China,4
393,Crystal,Aiskovitch,caiskovitchaw@nba.com,203-138-3838,Colombia,4
394,Lucy,McDugal,lmcdugalax@indiatimes.com,703-265-9568,Venezuela,6
395,Iver,Veryan,iveryanay@angelfire.com,491-554-3249,Indonesia,9
396,Indira,Callar,icallaraz@pinterest.com,543-510-3104,Russia,3
397,Peggie,Dach,pdachb0@economist.com,587-818-8106,Russia,8
398,Dun,Kitteman,dkittemanb1@hud.gov,842-897-4976,Colombia,4
399,Trudi,Kwietek,tkwietekb2@nydailynews.com,531-629-1924,Colombia,8
400,Bartolemo,Saywell,bsaywellb3@arizona.edu,116-469-4990,Thailand,1
401,Katherina,Oldis,koldisb4@ucla.edu,401-665-9618,Georgia,5
402,Deina,Blanden,dblandenb5@bravesites.com,577-288-3326,China,4
403,Karlyn,Bye,kbyeb6@artisteer.com,255-263-4306,South Africa,10
404,Dru,Quilty,dquiltyb7@economist.com,983-843-8744,Philippines,2
405,Brew,McMurrugh,bmcmurrughb8@ibm.com,421-435-7525,Serbia,10
406,Sigismond,Conn,sconnb9@ebay.com,985-516-5560,Indonesia,3
407,Josiah,Tudge,jtudgeba@forbes.com,669-139-7430,Serbia,5
408,Dareen,Shailer,dshailerbb@unesco.org,220-668-3707,South Africa,5
409,Dionis,Kave,dkavebc@craigslist.org,506-500-1390,Morocco,1
410,Rayna,Heeney,rheeneybd@twitpic.com,504-442-7025,United States,8
411,Svend,Nicklin,snicklinbe@jiathis.com,629-294-6478,Nigeria,10
412,Elizabeth,Goldston,egoldstonbf@answers.com,104-469-0826,China,5
413,Mariana,Benedick,mbenedickbg@indiegogo.com,236-793-4072,Russia,5
414,Ricard,Dearth,rdearthbh@unicef.org,352-137-3702,Kenya,4
415,Annabel,Crawforth,acrawforthbi@hexun.com,334-989-8337,China,4
416,Melisenda,Medwell,mmedwellbj@dell.com,987-807-1031,China,1
417,Jillene,Gilmore,jgilmorebk@jimdo.com,105-395-8207,Indonesia,2
418,Hew,MacTrusty,hmactrustybl@1688.com,296-451-8307,Slovenia,8
419,Parker,Persitt,ppersittbm@tripod.com,132-158-5285,Ukraine,9
420,Berkley,Beseke,bbesekebn@skyrock.com,577-522-3953,Colombia,5
421,Neel,Magrannell,nmagrannellbo@bizjournals.com,941-197-7412,Indonesia,6
422,Leroy,De Hailes,ldehailesbp@tumblr.com,521-424-6788,Guatemala,5
423,Christi,Hould,chouldbq@digg.com,130-402-1005,United Kingdom,1
424,Winfred,Munden,wmundenbr@zimbio.com,522-510-9875,Portugal,7
425,Boone,Earsman,bearsmanbs@i2i.jp,202-917-7528,United States,10
426,Iain,Tuck,ituckbt@ihg.com,221-624-0652,Sweden,8
427,Nolie,Paoloni,npaolonibu@reverbnation.com,111-503-4863,China,5
428,Alejandra,Fradson,afradsonbv@privacy.gov.au,460-405-3478,Czech Republic,1
429,Hayden,Jermy,hjermybw@ebay.co.uk,121-973-2064,China,9
430,Janine,Mazzei,jmazzeibx@cloudflare.com,704-208-8476,Canada,8
431,Win,Atherley,watherleyby@rakuten.co.jp,986-915-5444,Russia,7
432,Fidelia,Dowsing,fdowsingbz@a8.net,605-446-6938,Peru,5
433,Rockwell,Aronowicz,raronowiczc0@about.com,423-457-3433,China,7
434,Val,Newark,vnewarkc1@tmall.com,251-558-5730,China,9
435,Theresa,Fluin,tfluinc2@macromedia.com,729-992-5240,China,1
436,Darrick,Tenny,dtennyc3@google.es,816-980-0983,United States,8
437,Francesca,Slorach,fslorachc4@ning.com,259-270-0815,Brazil,4
438,Beck,Norris,bnorrisc5@netlog.com,330-305-3311,Russia,1
439,Kristi,Torrance,ktorrancec6@bravesites.com,814-739-0036,Sweden,6
440,Rees,Wilgar,rwilgarc7@sogou.com,134-370-1993,France,9
441,Malia,Oloman,molomanc8@ca.gov,497-238-7434,Russia,3
442,Valentino,Arrighetti,varrighettic9@ca.gov,917-498-7632,United States,9
443,Henrieta,Pim,hpimca@creativecommons.org,415-841-7807,Dominican Republic,8
444,Stephana,Rosin,srosincb@gravatar.com,645-508-8556,Brazil,3
445,Delmor,Dungey,ddungeycc@independent.co.uk,449-957-5374,Tuvalu,6
446,Corina,De Avenell,cdeavenellcd@opera.com,928-842-0727,Indonesia,6
447,Laughton,Pearsey,lpearseyce@about.me,492-391-5710,Dominican Republic,4
448,Greggory,Jenik,gjenikcf@wunderground.com,721-705-0014,Poland,6
449,Tonya,Titta,ttittacg@narod.ru,988-272-0401,Poland,6
450,Sherwin,Genthner,sgenthnerch@webeden.co.uk,901-185-6498,United States,5
451,Kahaleel,Bulle,kbulleci@joomla.org,662-723-0012,Serbia,9
452,Lorrin,Alabaster,lalabastercj@ovh.net,470-539-2172,China,4
453,Berty,Karolewski,bkarolewskick@lycos.com,802-875-9691,Russia,5
454,Kamila,Castelot,kcastelotcl@posterous.com,149-614-0927,Greece,4
455,Siusan,O'Connor,soconnorcm@123-reg.co.uk,280-770-3770,Macedonia,5
456,Mike,Backes,mbackescn@technorati.com,228-127-1163,China,1
457,Hortensia,Damsell,hdamsellco@tmall.com,285-152-1604,Indonesia,6
458,Roxy,Lenden,rlendencp@google.pl,774-203-9170,China,3
459,Berny,Heisler,bheislercq@topsy.com,190-798-6799,Morocco,9
460,Margarita,Ruckman,mruckmancr@wikimedia.org,597-473-6576,Kazakhstan,5
461,Sibyl,Nise,snisecs@virginia.edu,376-946-3629,Brazil,1
462,Helena,McCorley,hmccorleyct@wikipedia.org,145-454-9858,China,8
463,Beauregard,Cork,bcorkcu@freewebs.com,147-761-3361,France,8
464,Karel,Godier,kgodiercv@dot.gov,432-228-4194,Peru,1
465,Norma,Wigginton,nwiggintoncw@fc2.com,297-509-7527,Russia,2
466,Ralina,Denziloe,rdenziloecx@senate.gov,466-496-6118,Indonesia,5
467,Addison,Tebbit,atebbitcy@istockphoto.com,295-666-6226,Mexico,6
468,Pippo,Chestle,pchestlecz@cornell.edu,394-172-9342,Indonesia,2
469,Hale,Saffe,hsaffed0@newsvine.com,866-434-9321,Czech Republic,7
470,Valli,Oglethorpe,voglethorped1@acquirethisname.com,524-644-0341,Brazil,3
471,Isac,Freeborne,ifreeborned2@wikipedia.org,692-953-4412,Argentina,2
472,Lainey,Gatherer,lgathererd3@bbb.org,156-293-4109,Sweden,9
473,Paige,Twiname,ptwinamed4@dmoz.org,314-423-5726,Greece,2
474,Vicki,Freear,vfreeard5@a8.net,953-708-0391,China,10
475,Solomon,Revington,srevingtond6@state.gov,177-363-5390,Philippines,4
476,Ashleigh,McNerlin,amcnerlind7@yelp.com,264-849-3782,Cuba,10
477,Adamo,Pischel,apischeld8@multiply.com,720-752-6156,Thailand,1
478,Carlina,Blindermann,cblindermannd9@mapquest.com,795-420-1441,China,6
479,Erastus,Matthaus,ematthausda@hatena.ne.jp,468-293-0302,Yemen,2
480,Abbie,Foxwell,afoxwelldb@newyorker.com,143-281-2592,Venezuela,10
481,Anne-marie,Weatherhill,aweatherhilldc@wordpress.org,605-473-6591,China,10
482,Fredelia,Eaklee,feakleedd@123-reg.co.uk,311-332-0184,Peru,2
483,Cathe,Tyne,ctynede@wikispaces.com,686-193-7791,Pakistan,5
484,Fayette,Shorey,fshoreydf@wix.com,150-193-2346,China,7
485,Hubert,Greer,hgreerdg@newsvine.com,759-453-7383,Indonesia,8
486,Teirtza,Vorley,tvorleydh@behance.net,294-263-9928,Switzerland,3
487,Irving,Molan,imolandi@nifty.com,434-981-0342,China,3
488,Paddie,Giacovetti,pgiacovettidj@gizmodo.com,599-175-2433,China,7
489,Bren,Sudworth,bsudworthdk@ezinearticles.com,986-950-6231,China,8
490,Fergus,Chamberlaine,fchamberlainedl@dailymotion.com,695-223-5436,Albania,4
491,Bing,Cozby,bcozbydm@spotify.com,556-713-6222,Japan,7
492,Cathleen,Tarbard,ctarbarddn@house.gov,100-275-7178,Czech Republic,3
493,Gianni,Wadsworth,gwadsworthdo@google.pl,552-158-6681,Indonesia,1
494,Ringo,Hrachovec,rhrachovecdp@taobao.com,128-492-2639,China,10
495,Maudie,Salazar,msalazardq@boston.com,115-757-1386,Norway,8
496,Barbette,Sneaker,bsneakerdr@canalblog.com,793-873-2880,Philippines,8
497,Deborah,Cumberledge,dcumberledgeds@technorati.com,732-584-5529,Indonesia,10
498,Ranique,Polfer,rpolferdt@theatlantic.com,851-391-7345,Russia,7
499,Nessy,Perfili,nperfilidu@accuweather.com,579-763-8159,China,2
500,Morgen,Aldrick,maldrickdv@issuu.com,355-309-6049,Indonesia,1
501,Teodorico,Kirsopp,tkirsoppdw@irs.gov,152-519-8482,Philippines,2
502,Kelley,Hearne,khearnedx@so-net.ne.jp,192-379-4897,Brazil,5
503,Fredra,Haccleton,fhaccletondy@devhub.com,428-621-7663,China,7
504,Court,Volk,cvolkdz@newyorker.com,157-209-8535,China,3
505,Robert,Kirkman,rkirkmane0@zdnet.com,855-656-8704,Vietnam,5
506,Raffarty,Reeveley,rreeveleye1@360.cn,885-952-4336,Sweden,6
507,Emery,Roset,erosete2@sciencedirect.com,901-820-7100,China,2
508,Ari,Souley,asouleye3@dailymotion.com,347-886-8721,Thailand,8
509,Onfroi,Leither,oleithere4@blogger.com,423-272-2358,China,3
510,Shandie,Jefferies,sjefferiese5@mac.com,976-243-1348,Haiti,2
511,Eugene,Daveridge,edaveridgee6@imgur.com,513-771-0925,Myanmar,8
512,Harmony,Rohlf,hrohlfe7@illinois.edu,961-882-5805,Netherlands,10
513,Kaitlynn,Julyan,kjulyane8@cdc.gov,537-458-5968,Mongolia,7
514,Celestyn,Heims,cheimse9@fda.gov,534-420-9086,Portugal,4
515,Lorianne,Bulteel,lbulteelea@bloomberg.com,634-970-4659,Poland,4
516,Adolpho,Lightowlers,alightowlerseb@ask.com,888-276-4640,Argentina,4
517,Cam,Inglesent,cinglesentec@livejournal.com,911-468-2910,Uzbekistan,2
518,Donavon,Eliassen,deliassened@google.fr,865-403-7594,Peru,2
519,Bank,Birtwistle,bbirtwistleee@dell.com,782-754-8880,France,1
520,Kala,Giacovetti,kgiacovettief@earthlink.net,416-337-2942,Israel,5
521,Rhetta,Trotman,rtrotmaneg@cmu.edu,884-386-4565,Indonesia,9
522,Kitti,Ducker,kduckereh@amazonaws.com,565-171-1618,Philippines,9
523,Eddie,Blomfield,eblomfieldei@gnu.org,617-762-0756,Burkina Faso,1
524,Shannah,Kennerley,skennerleyej@reuters.com,321-648-9997,Poland,4
525,Chiquita,Nickerson,cnickersonek@bizjournals.com,180-150-1743,Bulgaria,5
526,Nelly,Swyne,nswyneel@admin.ch,174-166-7465,Ukraine,10
527,Rutter,Fogel,rfogelem@topsy.com,607-212-1934,Russia,1
528,Rivi,Clampton,rclamptonen@meetup.com,539-926-4924,Netherlands,4
529,Bridget,Entres,bentreseo@youku.com,762-750-2324,Brazil,1
530,Eleanore,Abberley,eabberleyep@vinaora.com,668-979-7254,Portugal,6
531,Zolly,Crichmere,zcrichmereeq@acquirethisname.com,154-859-5240,Luxembourg,9
532,Blaine,Playford,bplayforder@mtv.com,297-468-6596,France,2
533,Ephraim,Hassett,ehassettes@amazon.co.uk,709-335-1316,Peru,3
534,Mikey,Thorrington,mthorringtonet@nba.com,786-735-5499,United States,10
535,Helge,Wrefford,hwreffordeu@mysql.com,619-403-2576,Russia,2
536,Suzette,Skentelbury,sskentelburyev@huffingtonpost.com,267-406-6024,Ukraine,8
537,Darill,Rampley,drampleyew@surveymonkey.com,508-952-3967,Indonesia,4
538,Artemus,Gotliffe,agotliffeex@wikispaces.com,662-214-4501,Japan,9
539,Ivar,Benduhn,ibenduhney@joomla.org,694-212-6551,China,10
540,Kora,Dovidian,kdovidianez@lulu.com,516-544-8275,Egypt,6
541,Justina,Starsmeare,jstarsmearef0@geocities.jp,674-189-8753,Sweden,4
542,Frayda,Jacobssen,fjacobssenf1@utexas.edu,328-807-6926,Indonesia,2
543,Reine,Mandry,rmandryf2@ow.ly,991-996-9967,Indonesia,2
544,Issy,Machen,imachenf3@example.com,245-693-0394,Russia,6
545,Frederic,Edge,fedgef4@dion.ne.jp,919-121-3888,China,2
546,Kelcey,Shoulders,kshouldersf5@addtoany.com,461-822-7927,Pakistan,7
547,Emmalynne,Margett,emargettf6@fema.gov,933-980-7216,Mexico,6
548,Ardeen,Cholerton,acholertonf7@squarespace.com,135-518-5624,Nigeria,4
549,Ilaire,Trobe,itrobef8@discovery.com,400-564-1792,China,7
550,Maurizia,Collaton,mcollatonf9@hugedomains.com,250-263-7161,France,3
551,Patin,Harrowsmith,pharrowsmithfa@addtoany.com,965-157-7633,Pakistan,10
552,Sukey,Musla,smuslafb@sitemeter.com,853-411-4576,Armenia,8
553,Lauraine,D'Alessio,ldalessiofc@jigsy.com,844-229-3054,Belarus,1
554,Ulric,Mitchley,umitchleyfd@marketwatch.com,322-179-5902,Indonesia,4
555,Krissy,Rendall,krendallfe@free.fr,353-710-8515,Syria,3
556,Theo,Ivatts,tivattsff@shop-pro.jp,202-402-1532,France,1
557,Linell,Weinmann,lweinmannfg@blinklist.com,128-133-6970,Ukraine,6
558,Sallyann,Pettersen,spettersenfh@ox.ac.uk,724-789-1816,Canada,1
559,Malinde,Skells,mskellsfi@forbes.com,388-608-5487,Sweden,3
560,Webster,Navan,wnavanfj@independent.co.uk,530-368-1951,Tanzania,2
561,Marla,Doidge,mdoidgefk@nydailynews.com,848-357-9160,China,2
562,Cyrill,Shortin,cshortinfl@umich.edu,715-153-8730,Ivory Coast,3
563,Cynthie,Pendre,cpendrefm@mac.com,340-952-5875,Indonesia,8
564,Henrik,Bentjens,hbentjensfn@indiatimes.com,110-470-7080,Saudi Arabia,3
565,Michail,McKibbin,mmckibbinfo@paypal.com,392-528-3225,Croatia,4
566,Elayne,Reichert,ereichertfp@printfriendly.com,599-536-2061,China,5
567,Ingaberg,Ghilardi,ighilardifq@kickstarter.com,464-213-8826,Colombia,2
568,Tarrah,Hooban,thoobanfr@yelp.com,536-944-9526,New Zealand,2
569,Barth,Ruller,brullerfs@tuttocitta.it,189-989-2240,Indonesia,6
570,Tallia,Tremeer,ttremeerft@cnet.com,468-439-3226,Poland,5
571,Jeanette,McCully,jmccullyfu@cisco.com,862-944-1313,Italy,10
572,Minette,Chapellow,mchapellowfv@blogspot.com,101-415-2720,Indonesia,3
573,Bernete,Alleyne,balleynefw@bbb.org,256-497-0040,Portugal,4
574,Malvin,Napthine,mnapthinefx@amazon.co.uk,928-499-1696,China,5
575,Mallorie,Kiessel,mkiesselfy@globo.com,676-394-2778,Portugal,3
576,Osborne,Greengrass,ogreengrassfz@plala.or.jp,751-181-8931,Guatemala,1
577,Arlen,Burnitt,aburnittg0@vkontakte.ru,761-472-2136,Indonesia,3
578,Orly,Nassau,onassaug1@globo.com,337-223-0444,Philippines,1
579,Dayle,Dunlap,ddunlapg2@amazonaws.com,223-665-9924,Philippines,1
580,Fletcher,Norgate,fnorgateg3@cnet.com,195-252-0406,Indonesia,9
581,Terrence,Vasilyonok,tvasilyonokg4@un.org,518-714-6708,Philippines,7
582,Jacob,Whitlam,jwhitlamg5@nhs.uk,882-685-4773,China,1
583,Sadye,Balmadier,sbalmadierg6@europa.eu,541-310-0142,Indonesia,8
584,Abbey,Berzons,aberzonsg7@so-net.ne.jp,238-114-0417,Montenegro,1
585,Gunilla,Ellcock,gellcockg8@princeton.edu,341-738-1547,France,7
586,Jere,Crimmins,jcrimminsg9@xinhuanet.com,237-110-1914,Slovenia,5
587,Georgia,Owbridge,gowbridgega@umich.edu,199-253-6302,Bulgaria,7
588,West,Milella,wmilellagb@utexas.edu,172-149-2639,Portugal,7
589,Hamnet,Sisson,hsissongc@jalbum.net,938-843-5317,Brazil,4
590,Saba,Orman,sormangd@who.int,500-372-3024,Bulgaria,4
591,Dian,Cicconettii,dcicconettiige@zimbio.com,346-767-1094,Morocco,2
592,Carrie,Scyone,cscyonegf@noaa.gov,836-138-9157,China,8
593,Clerc,Yantsev,cyantsevgg@squarespace.com,772-342-9042,Russia,2
594,Jorry,Cocci,jcoccigh@tinypic.com,707-466-4264,Indonesia,7
595,Dillon,Lessmare,dlessmaregi@opera.com,288-241-3627,China,8
596,Jobyna,Harby,jharbygj@tumblr.com,400-442-5576,Ukraine,3
597,Klara,Dring,kdringgk@stanford.edu,988-286-4076,Indonesia,1
598,Hedwig,Acarson,hacarsongl@discovery.com,139-706-1335,Slovenia,1
599,Mareah,Iwaszkiewicz,miwaszkiewiczgm@si.edu,251-370-8827,China,6
600,Clarine,Stentiford,cstentifordgn@deliciousdays.com,572-520-3714,China,3
601,Tull,Keepe,tkeepego@so-net.ne.jp,885-452-4943,Brazil,4
602,Bondon,Crossan,bcrossangp@topsy.com,368-217-8754,Czech Republic,4
603,Maureen,Diplock,mdiplockgq@nationalgeographic.com,762-614-0157,China,6
604,Robinet,De Michele,rdemichelegr@thetimes.co.uk,422-389-1182,Dominican Republic,9
605,Nancy,Guyonnet,nguyonnetgs@amazon.co.uk,695-297-3296,Indonesia,1
606,Perle,Graham,pgrahamgt@ucsd.edu,263-312-1388,Brazil,8
607,Donnajean,Aizikovich,daizikovichgu@photobucket.com,658-568-3047,Poland,6
608,Timothy,MacCoughen,tmaccoughengv@hibu.com,732-384-9296,Indonesia,1
609,Richart,Reeday,rreedaygw@virginia.edu,994-624-2395,Brazil,10
610,Philippe,Brideoke,pbrideokegx@bandcamp.com,889-440-7187,Russia,7
611,Ambros,Grouse,agrousegy@va.gov,993-176-1465,Ukraine,7
612,Gerome,Ladyman,gladymangz@arstechnica.com,561-655-7754,United States,3
613,Dante,Hartland,dhartlandh0@vistaprint.com,572-569-8948,China,6
614,Ava,Smowton,asmowtonh1@delicious.com,909-692-9276,Portugal,6
615,Allis,McLauchlin,amclauchlinh2@bloglines.com,360-781-6768,United States,7
616,Franchot,Rawcliffe,frawcliffeh3@ftc.gov,429-655-0242,Philippines,8
617,Gwyneth,Claricoats,gclaricoatsh4@twitter.com,943-374-7498,Ukraine,6
618,Kimberlyn,Winders,kwindersh5@amazon.co.jp,784-565-6879,Japan,3
619,Ado,Woodworth,awoodworthh6@netvibes.com,963-907-1616,Greece,10
620,Janka,Tantrum,jtantrumh7@amazon.co.uk,974-313-4130,Mexico,6
621,Lydon,Reihill,lreihillh8@businessinsider.com,253-941-0555,United States,3
622,Olive,Chadbourne,ochadbourneh9@adobe.com,865-319-5882,China,10
623,Moria,Egdal,megdalha@cnn.com,305-843-6813,Philippines,4
624,Hilary,Aggis,haggishb@lulu.com,881-434-8310,Ukraine,1
625,Thorvald,Duferie,tduferiehc@example.com,955-768-8682,Russia,8
626,Carlee,Frawley,cfrawleyhd@xing.com,318-529-8927,Indonesia,10
627,Borg,Locard,blocardhe@youtube.com,842-855-7534,China,6
628,Darline,McNirlin,dmcnirlinhf@slate.com,339-597-3724,Indonesia,7
629,Bastian,Minero,bminerohg@youku.com,786-145-8417,China,9
630,Whit,Webburn,wwebburnhh@sfgate.com,851-114-4077,Ireland,10
631,Agna,Dehmel,adehmelhi@nydailynews.com,572-838-5191,Indonesia,5
632,Alvira,Blundin,ablundinhj@unc.edu,302-468-2539,Sweden,5
633,Charlene,Barter,cbarterhk@cargocollective.com,666-204-8458,Canada,8
634,Marla,Pillman,mpillmanhl@weebly.com,208-253-6866,Poland,10
635,Kent,Rickis,krickishm@theglobeandmail.com,207-803-3419,China,2
636,Farleigh,Wilcocks,fwilcockshn@delicious.com,336-916-8987,Croatia,7
637,Irena,Millom,imillomho@163.com,899-190-2226,Sweden,8
638,Constantine,Bollin,cbollinhp@pbs.org,766-196-1024,Philippines,3
639,Cassie,Vayro,cvayrohq@auda.org.au,932-149-8343,China,9
640,Alwyn,Durno,adurnohr@google.fr,678-934-8779,Russia,9
641,Whitney,Dablin,wdablinhs@sun.com,219-916-3231,South Africa,9
642,Leontine,Mott,lmottht@huffingtonpost.com,911-687-5061,Peru,7
643,Chiquia,Baskeyfied,cbaskeyfiedhu@quantcast.com,740-851-6301,Russia,4
644,Ranice,McGlashan,rmcglashanhv@devhub.com,329-377-4660,France,8
645,Mona,Grimsdale,mgrimsdalehw@mayoclinic.com,911-840-3589,Russia,6
646,Nanice,Sharpus,nsharpushx@weather.com,467-256-4964,Sweden,7
647,Burr,Janes,bjaneshy@prweb.com,806-137-3675,Poland,9
648,Isabella,Tully,itullyhz@economist.com,300-433-8153,Netherlands,2
649,Josefa,Hows,jhowsi0@indiatimes.com,260-824-2472,Indonesia,6
650,Mallory,Burdge,mburdgei1@businessinsider.com,893-639-4352,China,7
651,Aileen,Ord,aordi2@woothemes.com,889-539-2112,Mongolia,7
652,Pierette,Stenyng,pstenyngi3@squidoo.com,223-389-9651,Finland,3
653,Gaspar,Boyfield,gboyfieldi4@msu.edu,358-718-0747,Portugal,7
654,Terrel,Killik,tkilliki5@webeden.co.uk,944-343-2922,Japan,9
655,Arlana,Sheekey,asheekeyi6@google.co.jp,450-754-9539,Brazil,3
656,Cherlyn,Peppard,cpeppardi7@imageshack.us,344-383-3583,Tunisia,4
657,Angeline,Raunds,araundsi8@squidoo.com,132-443-6983,Brazil,9
658,Richard,Warkup,rwarkupi9@dot.gov,712-655-5712,Philippines,7
659,Elwira,Joder,ejoderia@dot.gov,689-262-0826,Kenya,7
660,Lalo,Geerits,lgeeritsib@reddit.com,805-740-9208,Ukraine,9
661,Oren,Fain,ofainic@w3.org,892-452-9769,China,10
662,Cornell,Piggrem,cpiggremid@army.mil,979-131-3566,Kiribati,3
663,Hakim,Washbrook,hwashbrookie@engadget.com,316-645-9457,Indonesia,10
664,Randell,Cakes,rcakesif@mediafire.com,900-425-2010,Tanzania,2
665,Lynnell,Oneil,loneilig@people.com.cn,821-700-4399,Tanzania,10
666,Ash,Marchant,amarchantih@parallels.com,389-692-5479,Japan,2
667,Rube,Gamlin,rgamlinii@unesco.org,944-438-0813,China,6
668,Stefa,Kobke,skobkeij@spiegel.de,184-918-3115,Brazil,5
669,Jenn,de Copeman,jdecopemanik@cisco.com,331-272-7189,Kuwait,9
670,Emmalyn,Suttaby,esuttabyil@prlog.org,984-945-3062,Poland,2
671,Tatiana,Tollow,ttollowim@biglobe.ne.jp,631-319-9034,Sweden,7
672,Jared,O'Loughane,joloughanein@nyu.edu,885-292-2023,China,9
673,Sharron,Martusewicz,smartusewiczio@accuweather.com,690-994-5100,Poland,10
674,Corabel,Clem,cclemip@indiegogo.com,810-789-6075,Honduras,8
675,Adrianne,Cully,acullyiq@stanford.edu,204-337-1317,Panama,5
676,Silvano,Skoughman,sskoughmanir@qq.com,589-312-0826,Germany,6
677,Lavina,Ogelsby,logelsbyis@princeton.edu,256-925-9931,South Korea,8
678,Job,Muselli,jmuselliit@ycombinator.com,801-272-4735,China,1
679,Retha,Bowsher,rbowsheriu@marriott.com,664-564-3584,Russia,9
680,Antonino,Fosdike,afosdikeiv@unesco.org,407-919-2879,Greece,1
681,Reggy,Hairsine,rhairsineiw@dedecms.com,658-689-9595,Nigeria,1
682,Adelice,Gatus,agatusix@slashdot.org,212-639-5412,China,10
683,Vin,McVanamy,vmcvanamyiy@loc.gov,425-597-0782,China,1
684,Tracee,Gronowe,tgronoweiz@simplemachines.org,328-529-3717,Afghanistan,10
685,Nalani,Seer,nseerj0@edublogs.org,229-618-0110,Russia,8
686,Holly-anne,Ivers,hiversj1@constantcontact.com,828-195-9042,Japan,6
687,Meredeth,Handyside,mhandysidej2@jiathis.com,644-496-9580,Greece,3
688,Arabella,Skerritt,askerrittj3@jugem.jp,910-167-4216,Ukraine,2
689,Paulie,Frankowski,pfrankowskij4@soup.io,674-822-4962,China,7
690,Celinda,Bryers,cbryersj5@tiny.cc,806-896-1092,Iran,3
691,Garrard,Pesek,gpesekj6@wisc.edu,781-720-4454,Sweden,5
692,Dulcinea,Pantling,dpantlingj7@cyberchimps.com,158-968-1527,France,8
693,Nickolas,Crumpton,ncrumptonj8@sciencedirect.com,334-842-9505,Madagascar,1
694,Otha,Janda,ojandaj9@qq.com,479-585-8590,Nicaragua,4
695,Curt,Neary,cnearyja@mail.ru,791-585-0131,China,9
696,Blinni,Tingley,btingleyjb@hc360.com,117-192-3015,Brazil,7
697,Cosmo,Whitfield,cwhitfieldjc@wsj.com,631-453-4389,Honduras,1
698,Hirsch,Lissandrini,hlissandrinijd@soup.io,863-522-7478,Poland,6
699,Tammy,Gabites,tgabitesje@mashable.com,678-488-4480,China,7
700,Wade,Roan,wroanjf@china.com.cn,363-390-0704,South Africa,4
701,Rockwell,Brakewell,rbrakewelljg@businessinsider.com,459-195-5637,Costa Rica,6
702,Rozalin,Galer,rgalerjh@amazonaws.com,569-449-5251,Philippines,2
703,Nobe,Vernau,nvernauji@cbsnews.com,950-359-8431,Indonesia,3
704,Morena,Porter,mporterjj@goo.gl,138-979-1035,China,5
705,Chanda,Kittoe,ckittoejk@kickstarter.com,445-568-4348,Bulgaria,10
706,Nerty,Eldershaw,neldershawjl@discovery.com,901-958-0296,Costa Rica,4
707,Jeannie,Syer,jsyerjm@w3.org,926-924-0901,Tanzania,5
708,Dov,Hammerstone,dhammerstonejn@indiegogo.com,670-885-4267,Poland,5
709,Francyne,Feacham,ffeachamjo@livejournal.com,285-241-4401,France,10
710,Gwendolyn,Kener,gkenerjp@epa.gov,714-908-2068,China,8
711,Lin,Wasiel,lwasieljq@umich.edu,198-503-4595,Ireland,8
712,Kearney,Scopham,kscophamjr@blinklist.com,133-718-8853,Philippines,7
713,Amery,Cock,acockjs@barnesandnoble.com,214-553-5498,United States,6
714,Chip,Robuchon,crobuchonjt@issuu.com,875-373-2183,Philippines,6
715,Michaeline,Rouchy,mrouchyju@businessweek.com,284-597-7137,China,7
716,Efrem,Jennemann,ejennemannjv@g.co,288-880-5348,Philippines,1
717,Nan,Villar,nvillarjw@walmart.com,274-138-1268,Myanmar,4
718,Hervey,Thorowgood,hthorowgoodjx@wordpress.org,899-364-1201,Ukraine,3
719,Shurwood,Buddle,sbuddlejy@cyberchimps.com,644-725-3231,Albania,9
720,Maxwell,Chestnutt,mchestnuttjz@va.gov,996-952-2664,Poland,3
721,Dari,McAulay,dmcaulayk0@unesco.org,381-942-9448,Slovenia,10
722,Alameda,Fellis,afellisk1@cnet.com,957-116-0145,Greece,8
723,Dehlia,Bushell,dbushellk2@tinyurl.com,918-128-5736,Croatia,6
724,Dode,Bernardeau,dbernardeauk3@theglobeandmail.com,875-254-0414,Cameroon,6
725,Candie,Lorking,clorkingk4@hhs.gov,214-553-1273,Poland,4
726,Shadow,Laxe,slaxek5@rediff.com,775-736-8044,Russia,6
727,Mamie,Ault,maultk6@google.com.br,265-446-4842,China,5
728,Rafa,Denk,rdenkk7@cisco.com,386-120-9903,Yemen,1
729,Mandie,Meier,mmeierk8@ted.com,494-426-7831,Netherlands,10
730,Antonino,Anelay,aanelayk9@google.es,914-157-0186,Russia,4
731,Roderick,Bantham,rbanthamka@goo.gl,346-938-9470,China,9
732,Ronald,Golling,rgollingkb@yale.edu,232-476-2343,Russia,2
733,Austen,Kraut,akrautkc@sogou.com,894-952-2399,Poland,3
734,Rollin,Sandyfirth,rsandyfirthkd@intel.com,114-318-0672,Albania,10
735,Shirlee,Arnholtz,sarnholtzke@salon.com,693-420-1316,Russia,7
736,Sheilakathryn,Hosten,shostenkf@de.vu,409-264-0317,North Korea,1
737,Leah,Blacker,lblackerkg@intel.com,768-135-7700,Thailand,9
738,Ferrel,Mawman,fmawmankh@google.com,124-206-1281,China,3
739,Craggy,Meran,cmeranki@ucsd.edu,304-785-0388,China,3
740,Benedict,McCrackan,bmccrackankj@lulu.com,617-322-6163,Serbia,3
741,Holden,Belvard,hbelvardkk@bloglines.com,464-938-3568,Brazil,8
742,Ebonee,Legonidec,elegonideckl@amazon.com,498-666-6284,Tanzania,4
743,Pam,Bony,pbonykm@newyorker.com,728-179-9750,Peru,2
744,Fleming,Pilger,fpilgerkn@yahoo.co.jp,103-706-6243,China,7
745,Garfield,Shimuk,gshimukko@ning.com,529-942-0271,Serbia,9
746,Herve,Ewer,hewerkp@ca.gov,332-333-7447,Honduras,1
747,Ax,Gresswell,agresswellkq@4shared.com,560-189-8392,China,9
748,Noelani,Bulfoot,nbulfootkr@hud.gov,558-421-6989,Portugal,8
749,Hashim,Verecker,hvereckerks@facebook.com,718-606-6377,Portugal,9
750,Julissa,Koschke,jkoschkekt@chron.com,864-861-2410,Czech Republic,3
751,Kimberlyn,Gumn,kgumnku@economist.com,521-357-5470,Indonesia,2
752,Lilah,Long,llongkv@infoseek.co.jp,338-657-5662,Indonesia,10
753,Lauralee,Roebottom,lroebottomkw@scientificamerican.com,830-733-7362,Honduras,9
754,Bobina,Anyene,banyenekx@biblegateway.com,185-250-1220,Pakistan,7
755,Ardine,Buckles,abucklesky@bluehost.com,716-132-4691,China,6
756,Anette,Mosconi,amosconikz@goo.ne.jp,285-839-4949,Pakistan,4
757,Rayner,Backman,rbackmanl0@phoca.cz,848-650-3872,Russia,4
758,Katrinka,Cubitt,kcubittl1@biblegateway.com,951-414-0520,China,1
759,Louisa,Addekin,laddekinl2@fotki.com,663-972-4885,Greece,7
760,Matty,Duerdin,mduerdinl3@qq.com,235-260-0736,France,8
761,Mary,Vedstra,mvedstral4@issuu.com,785-783-6649,United States,1
762,Rayner,Lermit,rlermitl5@yolasite.com,667-185-0890,China,2
763,Frasco,Yeude,fyeudel6@uiuc.edu,972-704-5935,Senegal,9
764,Coleen,Padginton,cpadgintonl7@istockphoto.com,254-344-0642,Brazil,1
765,Glynis,Burman,gburmanl8@narod.ru,864-744-8570,Finland,9
766,Ara,Wathall,awathalll9@ca.gov,712-961-1070,Indonesia,8
767,Lilith,Earsman,learsmanla@nytimes.com,750-647-2991,Poland,4
768,Randene,Orae,roraelb@upenn.edu,752-998-8951,Tunisia,10
769,Murvyn,McTurley,mmcturleylc@com.com,406-434-3860,Indonesia,5
770,Demeter,Stollwerk,dstollwerkld@slashdot.org,598-807-2569,Brazil,4
771,Wakefield,Labdon,wlabdonle@samsung.com,258-971-5917,Egypt,3
772,Dav,Sayle,dsaylelf@desdev.cn,708-924-7807,Ukraine,2
773,Gabrila,Watkinson,gwatkinsonlg@sciencedaily.com,683-531-2166,Indonesia,1
774,Alessandro,Cremins,acreminslh@multiply.com,432-494-8889,Indonesia,4
775,Matilde,Keyson,mkeysonli@bloglovin.com,105-959-1529,Portugal,4
776,Krysta,O'Boyle,koboylelj@google.fr,897-106-3438,Lebanon,3
777,Nev,Snibson,nsnibsonlk@berkeley.edu,206-747-5562,China,7
778,Colleen,Barrie,cbarriell@rediff.com,838-518-3380,Peru,4
779,Troy,McCalum,tmccalumlm@sina.com.cn,558-645-8863,France,5
780,Morgen,Tarrant,mtarrantln@howstuffworks.com,281-267-9703,China,6
781,Lezley,Rosewall,lrosewalllo@wikispaces.com,759-141-1904,France,1
782,Blondy,Shulem,bshulemlp@wired.com,159-898-7745,Philippines,10
783,Shelbi,Heavyside,sheavysidelq@dailymotion.com,852-263-9558,China,2
784,Erin,Scrivenor,escrivenorlr@who.int,156-702-1188,China,8
785,Alyson,Hackett,ahackettls@nih.gov,261-608-3346,Dominican Republic,9
786,Myrlene,Feakins,mfeakinslt@npr.org,749-496-9290,Serbia,1
787,Sandor,Brands,sbrandslu@wufoo.com,626-147-1203,China,9
788,Alexa,Palek,apaleklv@github.io,371-355-0133,Egypt,4
789,Reggie,Dishmon,rdishmonlw@dot.gov,149-564-5990,Indonesia,6
790,Wanda,Oughton,woughtonlx@dropbox.com,864-271-3331,Spain,6
791,Eileen,Allsebrook,eallsebrookly@miitbeian.gov.cn,987-163-8014,Russia,6
792,Glyn,Theobald,gtheobaldlz@jigsy.com,179-737-5931,Uruguay,4
793,Maxim,Yatman,myatmanm0@cpanel.net,436-312-1817,Portugal,7
794,Hamil,Fresson,hfressonm1@altervista.org,899-813-8921,Philippines,10
795,Claus,Skahill,cskahillm2@nifty.com,241-963-8721,Marshall Islands,6
796,Kitty,McGee,kmcgeem3@vk.com,266-206-4028,Armenia,1
797,Stefania,Lorand,slorandm4@macromedia.com,919-993-8252,Philippines,1
798,Annabel,Critchell,acritchellm5@blog.com,692-593-4911,Thailand,1
799,Freddie,Putley,fputleym6@drupal.org,996-934-6347,Indonesia,3
800,Ellynn,Roxburgh,eroxburghm7@bluehost.com,889-125-2697,Israel,2
801,Tremain,Ygoe,tygoem8@dmoz.org,568-687-1098,Philippines,9
802,Jeralee,Fuzzens,jfuzzensm9@europa.eu,692-929-7880,Indonesia,7
803,Haywood,Stringer,hstringerma@e-recht24.de,310-568-6291,China,5
804,Esta,Wardhaw,ewardhawmb@blogspot.com,215-384-9352,Indonesia,2
805,Nickolaus,Papps,npappsmc@admin.ch,585-770-5322,Peru,3
806,Peirce,Keegan,pkeeganmd@drupal.org,695-533-2295,Ireland,4
807,Lloyd,Winsome,lwinsomeme@icq.com,916-486-9500,Portugal,5
808,Grange,D'Adamo,gdadamomf@themeforest.net,492-664-2557,Brazil,8
809,Agathe,Minet,aminetmg@ucoz.ru,627-439-4133,China,6
810,Johnath,Pamment,jpammentmh@army.mil,512-799-1898,Finland,8
811,Ellswerth,Wettern,ewetternmi@jugem.jp,902-846-8205,Indonesia,8
812,Kaile,Iddy,kiddymj@dropbox.com,878-640-2972,Peru,8
813,Vikky,Virgoe,vvirgoemk@blogger.com,516-632-0305,Nigeria,3
814,Frederique,Filon,ffilonml@dmoz.org,602-544-5816,Argentina,6
815,Miquela,Sterrie,msterriemm@scribd.com,941-280-6289,China,9
816,Lindsay,Guiett,lguiettmn@domainmarket.com,124-871-0068,Russia,5
817,Dorella,Knowlton,dknowltonmo@mtv.com,339-220-2438,Indonesia,7
818,Brear,Teall,bteallmp@cnet.com,654-411-6579,Georgia,2
819,Lammond,Faiers,lfaiersmq@cornell.edu,424-272-3632,Azerbaijan,5
820,Maia,Gloyens,mgloyensmr@wsj.com,544-254-0744,Portugal,4
821,Kari,Davies,kdaviesms@discuz.net,750-495-7404,Czech Republic,5
822,Buck,Bindon,bbindonmt@flavors.me,664-624-6293,Poland,9
823,Thebault,McCafferky,tmccafferkymu@un.org,979-207-3703,Thailand,4
824,Millisent,Robken,mrobkenmv@wiley.com,807-550-2222,Indonesia,3
825,Margette,Strasse,mstrassemw@redcross.org,726-391-7930,China,1
826,Ingunna,Bedding,ibeddingmx@mashable.com,848-403-4820,Ireland,3
827,Adrianna,Hanhart,ahanhartmy@moonfruit.com,573-333-7063,Indonesia,1
828,Constanta,Toye,ctoyemz@g.co,181-784-4254,Republic of the Congo,3
829,Mahmud,Canter,mcantern0@hostgator.com,193-283-5614,Brazil,9
830,Koralle,Skewis,kskewisn1@psu.edu,877-636-8159,Greece,1
831,Ellene,Ind,eindn2@omniture.com,562-766-0662,Indonesia,9
832,Fawnia,Arton,fartonn3@paginegialle.it,881-425-4796,Serbia,1
833,Fredelia,Giacobazzi,fgiacobazzin4@surveymonkey.com,618-155-9190,China,4
834,Humbert,Barwood,hbarwoodn5@earthlink.net,362-463-1827,Reunion,1
835,Mable,Watkiss,mwatkissn6@usda.gov,535-934-1647,Albania,4
836,Tawnya,Mackett,tmackettn7@tinypic.com,290-240-5728,Indonesia,9
837,Stevy,Hudless,shudlessn8@spiegel.de,549-191-2336,Portugal,9
838,Parsifal,Klaffs,pklaffsn9@berkeley.edu,788-421-8268,China,2
839,Reena,Ashpole,rashpolena@dot.gov,155-843-8792,China,8
840,Christa,Side,csidenb@nymag.com,352-428-1321,Ukraine,6
841,Pascal,Raynham,praynhamnc@virginia.edu,943-600-3003,Serbia,7
842,Donalt,Taig,dtaignd@chron.com,947-713-6651,Sweden,10
843,Marga,Berka,mberkane@nasa.gov,340-243-4518,Argentina,5
844,Quinlan,Rihanek,qrihaneknf@xrea.com,109-144-2174,Nigeria,8
845,Vittorio,Douthwaite,vdouthwaiteng@oaic.gov.au,137-597-2077,Russia,10
846,Germaine,Pashen,gpashennh@state.tx.us,704-282-6875,Jordan,5
847,Tasia,Dorr,tdorrni@bbb.org,698-488-9507,Colombia,6
848,Thedrick,Stealey,tstealeynj@adobe.com,909-326-1209,Uruguay,4
849,Pip,Mico,pmiconk@spotify.com,366-111-1792,Russia,1
850,Steffen,Torricella,storricellanl@samsung.com,962-617-6553,Colombia,1
851,Piotr,Bangham,pbanghamnm@mozilla.org,853-616-9710,Indonesia,5
852,Brigida,Durrett,bdurrettnn@ucoz.com,453-736-6791,Russia,2
853,Julie,Zecchinii,jzecchiniino@photobucket.com,404-172-7761,Philippines,1
854,Ermanno,Windridge,ewindridgenp@ox.ac.uk,387-337-3674,Thailand,8
855,Kerry,Lisciandro,klisciandronq@cdbaby.com,733-822-9918,Slovenia,1
856,Callie,Tunuy,ctunuynr@imdb.com,899-951-1687,Morocco,1
857,Murvyn,Fortoun,mfortounns@ibm.com,495-267-2839,Nepal,6
858,Garreth,d' Eye,gdeyent@freewebs.com,245-419-1922,Peru,5
859,Lindsay,O'Doireidh,lodoireidhnu@springer.com,736-502-2395,Poland,2
860,Bunnie,Gye,bgyenv@wunderground.com,171-191-6193,Belarus,3
861,Alick,McRavey,amcraveynw@vkontakte.ru,534-566-5147,Argentina,3
862,Vilhelmina,Sherewood,vsherewoodnx@nytimes.com,928-349-0468,Brazil,1
863,Ellary,Glason,eglasonny@parallels.com,203-532-1135,Japan,10
864,Karlan,Whight,kwhightnz@toplist.cz,126-738-9275,Japan,3
865,Gonzalo,Kleynen,gkleyneno0@globo.com,173-687-3552,Argentina,7
866,Coreen,Blowick,cblowicko1@artisteer.com,738-929-0590,China,3
867,Caz,Nolin,cnolino2@guardian.co.uk,530-789-3969,Vietnam,7
868,Dewain,Withringten,dwithringteno3@wikipedia.org,384-543-7402,China,7
869,Menard,Pengilley,mpengilleyo4@berkeley.edu,440-499-3843,Poland,8
870,Monti,Sinclar,msinclaro5@netscape.com,158-608-2484,China,10
871,Hedvige,Barnham,hbarnhamo6@opera.com,130-377-5245,Portugal,7
872,Tiebold,Aimeric,taimerico7@uiuc.edu,337-753-7584,Greece,2
873,Seumas,Nottle,snottleo8@about.com,312-653-2934,Greece,9
874,Tore,Grimley,tgrimleyo9@theatlantic.com,837-499-7978,Indonesia,3
875,Mommy,Costar,mcostaroa@tiny.cc,482-398-6550,China,6
876,Berthe,Churm,bchurmob@buzzfeed.com,358-622-1606,Poland,5
877,Marla,Kinchlea,mkinchleaoc@yolasite.com,815-308-9770,China,5
878,Kali,Linford,klinfordod@ted.com,921-356-3538,China,6
879,Belvia,Davis,bdavisoe@cbsnews.com,664-809-5519,Portugal,5
880,Keelby,Iley,kileyof@xrea.com,331-130-3293,Brazil,2
881,Hesther,Ebbett,hebbettog@usnews.com,373-578-5775,China,8
882,Dav,Smurfit,dsmurfitoh@pinterest.com,983-320-1009,Poland,8
883,Forrest,Slader,fsladeroi@phpbb.com,204-354-4175,Poland,9
884,Felicle,Kitson,fkitsonoj@rediff.com,175-533-5691,Serbia,3
885,Bent,Wordington,bwordingtonok@studiopress.com,847-134-5156,China,5
886,Inglis,Ellery,ielleryol@ifeng.com,515-655-9707,United States,6
887,Linoel,Macrae,lmacraeom@people.com.cn,598-391-0994,China,9
888,Mercie,Heamus,mheamuson@ebay.com,868-996-5180,Sweden,7
889,Horton,Groneway,hgronewayoo@alexa.com,932-401-3354,China,1
890,Melly,Calles,mcallesop@slate.com,228-875-1238,Indonesia,10
891,Robenia,Heiner,rheineroq@blinklist.com,840-365-6544,Ivory Coast,1
892,Shep,Baskett,sbaskettor@nydailynews.com,133-850-3516,China,7
893,Lyda,Fawcitt,lfawcittos@drupal.org,595-933-0793,Thailand,8
894,Charla,Berntsson,cberntssonot@gravatar.com,104-825-2704,Colombia,8
895,Gunilla,Bilbie,gbilbieou@comcast.net,504-817-0010,Poland,8
896,Colman,Lavery,claveryov@noaa.gov,218-183-8715,Democratic Republic of the Congo,6
897,Kennith,Keyworth,kkeyworthow@desdev.cn,415-841-5818,Russia,6
898,Johna,Cankett,jcankettox@samsung.com,205-312-6449,Peru,5
899,Esteban,Josephoff,ejosephoffoy@g.co,202-449-7832,United States,1
900,Alejandra,Jirsa,ajirsaoz@reuters.com,476-175-0003,China,4
901,Lurleen,Yoxen,lyoxenp0@wikimedia.org,699-339-3479,Uganda,8
902,Rebecca,Durnell,rdurnellp1@yellowpages.com,280-444-5602,Kazakhstan,5
903,Sandro,Blow,sblowp2@wikia.com,221-994-3637,Finland,8
904,Ariel,Islep,aislepp3@webmd.com,423-831-2335,Ukraine,2
905,Gloriane,Joskowitz,gjoskowitzp4@ucsd.edu,433-359-1221,China,5
906,Willdon,Webben,wwebbenp5@umn.edu,887-495-1147,Brazil,5
907,Quinn,Hannabus,qhannabusp6@com.com,576-611-5006,Czech Republic,1
908,Sonny,Riep,sriepp7@mit.edu,410-395-5198,Philippines,9
909,Andria,Grills,agrillsp8@posterous.com,202-220-6817,China,9
910,Erskine,Eplate,eeplatep9@simplemachines.org,927-158-7871,South Africa,4
911,Anatola,Cudde,acuddepa@friendfeed.com,675-175-2475,Israel,9
912,Sandye,Poupard,spoupardpb@ebay.com,182-440-0940,Russia,2
913,Marleen,Samples,msamplespc@intel.com,915-951-3283,Nepal,2
914,Cosme,Manley,cmanleypd@hubpages.com,573-924-1274,Brazil,3
915,Sindee,Lathleiffure,slathleiffurepe@europa.eu,717-144-4924,Russia,2
916,Peggie,Lytton,plyttonpf@dmoz.org,365-681-8597,South Korea,7
917,Brunhilde,Knutton,bknuttonpg@4shared.com,514-398-9255,Netherlands,8
918,L;urette,Rampling,lramplingph@youtu.be,522-945-9611,Indonesia,3
919,Kayne,Alliston,kallistonpi@cafepress.com,907-841-7807,United States,1
920,Aguie,Penn,apennpj@youtu.be,551-958-8619,Iraq,6
921,Wolf,Newdick,wnewdickpk@scribd.com,154-463-8996,Indonesia,9
922,Arda,Swinerd,aswinerdpl@cloudflare.com,668-389-7295,Poland,4
923,Patricia,Menault,pmenaultpm@miibeian.gov.cn,740-964-7536,China,8
924,Vernen,Harriagn,vharriagnpn@sourceforge.net,101-506-9421,France,6
925,Kipp,Klimkin,kklimkinpo@smh.com.au,435-870-0188,China,10
926,Milty,Fontelles,mfontellespp@answers.com,877-799-9858,Russia,4
927,Nancey,Sillitoe,nsillitoepq@cdc.gov,115-613-8969,Portugal,3
928,Andreana,Eyam,aeyampr@mac.com,708-711-0040,Germany,4
929,Linda,Valerius,lvaleriusps@eventbrite.com,377-674-1712,China,1
930,Mickie,Tofts,mtoftspt@google.es,740-810-4386,China,3
931,Ermengarde,De Dantesie,ededantesiepu@slideshare.net,548-124-6203,France,4
932,Conny,MacGuffog,cmacguffogpv@ed.gov,613-584-6743,China,4
933,Arlene,Riedel,ariedelpw@who.int,945-585-6797,Mexico,10
934,Brien,McMichell,bmcmichellpx@cnet.com,721-552-2724,Indonesia,5
935,Paxon,Glasby,pglasbypy@shinystat.com,254-724-5423,Croatia,4
936,Henri,Riseam,hriseampz@clickbank.net,545-782-7445,China,3
937,Violante,Noddings,vnoddingsq0@bloomberg.com,892-859-3252,Philippines,10
938,Nicolette,Djordjevic,ndjordjevicq1@vkontakte.ru,381-702-2266,Cyprus,1
939,Mada,Andrioni,mandrioniq2@smh.com.au,753-605-0536,Palestinian Territory,3
940,Moina,Scinelli,mscinelliq3@oakley.com,864-837-8795,Macedonia,3
941,Liane,Cridge,lcridgeq4@miibeian.gov.cn,859-441-7707,Indonesia,10
942,Odessa,Gorstidge,ogorstidgeq5@ucsd.edu,772-604-3701,Indonesia,9
943,Hiram,Jonk,hjonkq6@elpais.com,791-177-1948,China,4
944,Lela,O'Logan,lologanq7@wikia.com,783-611-5734,Russia,5
945,Randall,Bambrough,rbambroughq8@wordpress.org,287-694-9892,China,5
946,Viviana,Mayward,vmaywardq9@theatlantic.com,615-361-2840,Czech Republic,1
947,Nealon,Tash,ntashqa@topsy.com,635-608-9271,Chile,9
948,Tripp,Lendrem,tlendremqb@upenn.edu,241-913-9348,Finland,7
949,Dalenna,Brabin,dbrabinqc@chicagotribune.com,724-117-6003,China,1
950,Gerti,Kildale,gkildaleqd@facebook.com,859-739-4183,Czech Republic,2
951,Ianthe,Larby,ilarbyqe@blogspot.com,573-688-1859,United States,5
952,Emmey,Piggott,epiggottqf@tinypic.com,757-747-2381,Philippines,3
953,Leeann,Henkens,lhenkensqg@google.ru,287-628-2561,Netherlands,9
954,Charlie,Ren,crenqh@mysql.com,569-998-6741,Sweden,4
955,Tisha,Foale,tfoaleqi@ca.gov,650-829-7161,Russia,6
956,Bunnie,Cogar,bcogarqj@rambler.ru,953-104-0577,Afghanistan,6
957,Levon,Heinert,lheinertqk@berkeley.edu,325-511-9982,Philippines,5
958,Aloisia,Santer,asanterql@mediafire.com,328-787-3450,Indonesia,1
959,Liam,Bullman,lbullmanqm@marketwatch.com,266-350-3624,Peru,8
960,Avigdor,Jurs,ajursqn@ibm.com,353-202-7379,North Korea,8
961,Philip,Rupke,prupkeqo@hugedomains.com,620-439-9414,Poland,1
962,Eduard,Biasioni,ebiasioniqp@disqus.com,485-564-3812,Nigeria,6
963,Mead,Blenkiron,mblenkironqq@bbc.co.uk,534-609-8990,Guatemala,1
964,Sasha,Siemens,ssiemensqr@scientificamerican.com,340-621-0272,Philippines,1
965,Galvin,Glanester,gglanesterqs@icio.us,816-228-0848,Panama,2
966,Randene,Cheese,rcheeseqt@shop-pro.jp,614-351-9465,Syria,9
967,Cecilla,Francesco,cfrancescoqu@virginia.edu,567-112-5359,Russia,6
968,Sibbie,Pyzer,spyzerqv@nbcnews.com,635-288-3149,Philippines,1
969,Bryon,Wyldish,bwyldishqw@ucla.edu,874-518-7217,Brazil,3
970,Mathias,Millimoe,mmillimoeqx@sciencedaily.com,412-802-2503,Czech Republic,9
971,Bernard,Kruger,bkrugerqy@harvard.edu,706-193-9226,Canada,2
972,Yalonda,Brewitt,ybrewittqz@plala.or.jp,736-103-3019,Portugal,1
973,Tanhya,Hourican,thouricanr0@cdbaby.com,809-823-9799,Japan,6
974,Dick,Boots,dbootsr1@latimes.com,833-406-1540,Indonesia,2
975,Catherine,Jansema,cjansemar2@smugmug.com,293-624-5988,China,3
976,Aila,Corkan,acorkanr3@canalblog.com,252-317-4877,China,7
977,Fanchette,Skipsey,fskipseyr4@google.ru,870-348-5149,China,6
978,Tamarah,Wheater,twheaterr5@over-blog.com,898-533-2364,Spain,7
979,Jarrett,Baskett,jbaskettr6@epa.gov,413-246-9518,Georgia,9
980,Elfie,Naulls,enaullsr7@wordpress.com,577-218-6201,Poland,4
981,Max,Powdrell,mpowdrellr8@reverbnation.com,371-283-5180,Brazil,4
982,Alexei,Limbert,alimbertr9@mozilla.com,700-180-8861,Philippines,5
983,Audie,Matz,amatzra@home.pl,720-648-5276,China,2
984,Florette,Caton,fcatonrb@nydailynews.com,297-297-4280,Brazil,4
985,Garrek,McCunn,gmccunnrc@typepad.com,184-354-4291,Indonesia,10
986,Adelaide,Skurray,askurrayrd@freewebs.com,196-591-3656,Indonesia,3
987,Dru,MacSkeaghan,dmacskeaghanre@craigslist.org,905-721-4549,Portugal,4
988,Lacie,Sheridan,lsheridanrf@csmonitor.com,975-311-8099,Philippines,4
989,Elliot,Glavis,eglavisrg@nhs.uk,608-391-3263,Uzbekistan,2
990,Lea,Crunden,lcrundenrh@google.ca,166-828-1157,Sweden,8
991,Dario,Fobidge,dfobidgeri@devhub.com,226-951-0093,Russia,7
992,Lacy,Senechell,lsenechellrj@last.fm,486-632-8452,Philippines,6
993,Natasha,Penchen,npenchenrk@dmoz.org,647-213-9976,Afghanistan,6
994,Thedric,Jamrowicz,tjamrowiczrl@sina.com.cn,413-691-9298,Peru,6
995,Cherry,Stenet,cstenetrm@weather.com,762-346-5076,China,8
996,Luci,Rawstron,lrawstronrn@cafepress.com,258-906-4936,Indonesia,4
997,Alix,Belshaw,abelshawro@ftc.gov,564-238-6980,Bangladesh,7
998,Patrizio,Coalburn,pcoalburnrp@blogger.com,548-130-3313,Philippines,8
999,Jan,Gofforth,jgofforthrq@behance.net,673-111-3820,Brazil,9
1000,Wynn,Callacher,wcallacherrr@creativecommons.org,554-183-0784,Spain,8
